user_id,name,lastname,email,password
1,Tammy,Harlow,TammyRHarlow@teleworm.us,Hee4eihein
2,Alexis,Batten,AlexisLBatten@superrito.com,YuShe3ujiyee
3,Herman,Kennedy,HermanSKennedy@rhyta.com,Goige5chi
4,Melissa,Humphries,MelissaTHumphries@dayrep.com,Saedoe2Noo
5,David,Cannon,DavidCCannon@einrot.com,Chaike6G
6,Peter,Avery,PeterAAvery@teleworm.us,Ohgaech2n
7,Edith,Ervin,EdithGErvin@cuvox.de,lu9xot8Deek
8,Robert,Mann,RobertEMann@rhyta.com,iefohv7Ie
9,John,Long,JohnJLong@gustr.com,eeP5ahp6ae
10,Tommy,Lynn,TommyJLynn@superrito.com,Aequahmoo9ah
11,Joseph,Corn,JosephRCorn@gustr.com,alaexu4D
12,Edward,Maxwell,EdwardCMaxwell@cuvox.de,Ahrap2qu
13,Thomas,Edney,ThomasJEdney@rhyta.com,uu6ohYeze
14,John,Salters,JohnMSalters@gustr.com,baiNu6ti5
15,Sharon,Salinas,SharonJSalinas@fleckens.hu,uu4aech9ziN
16,Joan,Cook,JoanJCook@gustr.com,eecheeRo3Ph
17,John,Garrett,JohnNGarrett@armyspy.com,Lae8ieth
18,Mary,Ranson,MaryTRanson@dayrep.com,OjoCh5oom
19,Lottie,Ried,LottieTRied@fleckens.hu,eeveeT1eezei
20,Lynn,Kahl,LynnJKahl@dayrep.com,Quahng2zohca
21,David,Hirst,DavidLHirst@fleckens.hu,Quei6aeJ
22,Thomas,Dorn,ThomasSDorn@gustr.com,ja1Ohy0Eing
23,Brian,Cody,BrianMCody@einrot.com,ahMaKiev9ah
24,Brandon,Johnston,BrandonFJohnston@dayrep.com,Eiveep4Hai
25,Michael,Cooper,MichaelCCooper@superrito.com,yuPoh8nahdah
26,Robert,Solano,RobertJSolano@jourrapide.com,ahghooyaeT5
27,Larry,Rhoton,LarryCRhoton@fleckens.hu,oXeip6dii2
28,Theodore,Easley,TheodoreREasley@dayrep.com,geiph4Lei
29,Tricia,Castillo,TriciaMCastillo@rhyta.com,ar2hiepeiP
30,Henry,Chu,HenryBChu@jourrapide.com,AviVooyok4
31,Brandon,McComb,BrandonHMcComb@jourrapide.com,Aewi4eex5ch
32,Joseph,Glen,JosephDGlen@cuvox.de,ohf2eePh8Ah
33,Vonnie,Stephens,VonniePStephens@armyspy.com,eiki9ahL
34,Herman,Steele,HermanBSteele@cuvox.de,beLohi9echoh
35,Krista,Parker,KristaJParker@cuvox.de,Nahthiesu1
36,Yolanda,Cooley,YolandaJCooley@armyspy.com,ohje5Vaeph
37,Jason,Long,JasonMLong@dayrep.com,Eey2ohtee
38,Cody,Brinson,CodyTBrinson@teleworm.us,Iigi8ib0ei9
39,Carolyn,Kinney,CarolynWKinney@superrito.com,geara6He4sai
40,Ethel,Tejeda,EthelRTejeda@armyspy.com,Oohoh8Iezie
41,Frances,Henderson,FrancesJHenderson@dayrep.com,Eiquoh7Oogah
42,Carol,Robinson,CarolWRobinson@armyspy.com,baiwoTh7f
43,Georgina,Coachman,GeorginaSCoachman@jourrapide.com,AirohP0EiGu
44,Jimmie,Eaton,JimmieMEaton@superrito.com,Eothix3od
45,Eric,Washington,EricLWashington@jourrapide.com,sheiFiupha2
46,Anthony,Proper,AnthonyAProper@gustr.com,laen6AhNga
47,Cheryl,Nabors,CherylDNabors@armyspy.com,oi3eeShoo
48,Russell,Hamilton,RussellPHamilton@gustr.com,Cahmu2ai
49,Geneva,Davis,GenevaMDavis@cuvox.de,ahxieF5ee
50,Johnny,Cervantes,JohnnySCervantes@fleckens.hu,Nuth2zohz
51,Edward,Hall,EdwardCHall@dayrep.com,ok5Ohd7aic
52,Richard,Jefferies,RichardCJefferies@teleworm.us,Eichies4Shoh
53,John,Salmon,JohnMSalmon@jourrapide.com,do9AeVoo2ee
54,Shirley,Walters,ShirleyWWalters@fleckens.hu,eengohS8oh
55,Donna,Vanlandingham,DonnaLVanlandingham@dayrep.com,iexace0Uqu
56,Michael,Gibson,MichaelKGibson@armyspy.com,leiGeGo1Wo
57,Jill,Wigginton,JillGWigginton@rhyta.com,au3ooL7choh
58,Alvina,Taylor,AlvinaMTaylor@fleckens.hu,aijic8Heet
59,Claire,Fontenot,ClaireCFontenot@teleworm.us,raip2raW3oo
60,Jaime,Fike,JaimeBFike@fleckens.hu,ooBa6ooph4
61,Michael,Johnson,MichaelAJohnson@teleworm.us,xaeFahjah7
62,George,Barnes,GeorgeSBarnes@teleworm.us,pe0aiNg2Ai
63,James,Henderson,JamesAHenderson@gustr.com,eth6ItheNg
64,Evelyn,Osburn,EvelynJOsburn@armyspy.com,fuph4BaeSh
65,Toni,Hines,ToniMHines@superrito.com,op4shohg8H
66,Amos,Huffman,AmosJHuffman@armyspy.com,Sheithoh3ph
67,John,Carroll,JohnWCarroll@einrot.com,muQuothah8
68,Erika,Edwards,ErikaAEdwards@gustr.com,Esh5quae
69,Tiffany,Honeycutt,TiffanyTHoneycutt@teleworm.us,wei2ohDah2Th
70,Leticia,Webster,LeticiaDWebster@superrito.com,hohfa5Roh
71,Samantha,Boylan,SamanthaJBoylan@einrot.com,ood3Aef1Ree
72,Belinda,McKee,BelindaMMcKee@einrot.com,Ja5Shi6ae
73,Kenneth,Shaw,KennethCShaw@dayrep.com,eboo4eipha2NahR
74,Jeffrey,Rosario,JeffreySRosario@cuvox.de,Iek8cohs7xoo
75,John,Torres,JohnMTorres@einrot.com,mae5wie6Ae
76,Florence,Taylor,FlorenceMTaylor@dayrep.com,Ohliegohw3k
77,Shirley,Sanchez,ShirleyTSanchez@fleckens.hu,Xaechahta1Ph
78,John,Dietz,JohnADietz@gustr.com,Uimeiso8ulae
79,Daniel,Tavarez,DanielSTavarez@gustr.com,quaiK9vohsh
80,Delia,Forst,DeliaJForst@superrito.com,Kiu6kox3Xei
81,Lisa,McClain,LisaWMcClain@einrot.com,oXah4kah
82,Jacqueline,Silva,JacquelineJSilva@dayrep.com,jah1Iepokie
83,Dorothy,Nordquist,DorothyFNordquist@fleckens.hu,ChieK6Xiip
84,Sarah,Cartwright,SarahRCartwright@rhyta.com,Ooc5ja9ga
85,Donita,Rodriquez,DonitaDRodriquez@cuvox.de,Ie0zahfoo8coo
86,Betty,Huskey,BettyRHuskey@dayrep.com,Quaht5hohy
87,Charles,Maus,CharlesFMaus@einrot.com,Az2bah5ohy
88,Kenneth,Stringer,KennethKStringer@armyspy.com,AeR0OokaeV
89,Nancy,Ancheta,NancyNAncheta@armyspy.com,aipei5Ie
90,Connie,Towler,ConnieATowler@teleworm.us,phuhoZah7Ah
91,Dawn,Johnson,DawnMJohnson@gustr.com,Ooh8eiLaeth
92,Matthew,Banker,MatthewFBanker@teleworm.us,Aaquaine1ae
93,Ashley,Phillips,AshleyMPhillips@rhyta.com,Yeiph4yoz
94,Nina,Woods,NinaDWoods@jourrapide.com,Mao1pado7
95,Anna,Velazco,AnnaSVelazco@cuvox.de,ziemee2Uiz
96,Scott,Kilgore,ScottMKilgore@fleckens.hu,lei7CaiMae
97,Olympia,Rodriguez,OlympiaTRodriguez@jourrapide.com,waigo2IWieX
98,Carl,Martinez,CarlVMartinez@armyspy.com,raaTon3O
99,Juliet,Stiltner,JulietGStiltner@armyspy.com,eineo6ahFei
100,Rita,Crawford,RitaMCrawford@jourrapide.com,Iephee2o
